date,actual_price,forecast_price_ag,forecast_price_naive,actual_log_return,forecast_log_return_ag,forecast_log_return_naive,forecast_volatility_ag,forecast_variance_ag,forecast_variance_ewma,actual_variance_proxy,var_thresh_ag,es_ag,violation_ag,var_thresh_ewma,es_ewma,violation_ewma
2023-09-17,1622.89672852,1631.26459045,1635.22167969,-0.00756572,-0.00242284,0.00000000,0.01925195,0.00037064,0.00025412,0.00005724,-0.02080197,-0.03730633,0,-0.02622095,-0.03288213,0
2023-09-18,1637.34704590,1618.81757202,1622.89672852,0.00886462,-0.00251667,0.00000000,0.01969218,0.00038778,0.00024231,0.00007858,-0.02112037,-0.03791260,0,-0.02560426,-0.03210877,0
2023-09-19,1643.54467773,1632.98207525,1637.34704590,0.00377802,-0.00266944,0.00000000,0.02196460,0.00048244,0.00023249,0.00001427,-0.02354409,-0.04233129,0,-0.02507987,-0.03145116,0
2023-09-20,1622.89062500,1639.90718990,1643.54467773,-0.01264640,-0.00221565,0.00000000,0.01836404,0.00033724,0.00021939,0.00015993,-0.02136796,-0.03772580,0,-0.02436343,-0.03055272,0
2023-09-21,1584.30700684,1618.77985528,1622.89062500,-0.02406180,-0.00253621,0.00000000,0.02073848,0.00043008,0.00021583,0.00057897,-0.02310963,-0.04121459,1,-0.02416452,-0.03030329,0
2023-09-22,1593.26831055,1579.13284669,1584.30700684,0.00564036,-0.00327123,0.00000000,0.02272910,0.00051661,0.00023761,0.00003181,-0.02838868,-0.04898516,0,-0.02535497,-0.03179616,0
2023-09-23,1593.85778809,1589.47099506,1593.26831055,0.00036991,-0.00238619,0.00000000,0.01949691,0.00038013,0.00022527,0.00000014,-0.02349312,-0.04106816,0,-0.02468737,-0.03095896,0
2023-09-24,1580.85339355,1589.62550411,1593.85778809,-0.00819254,-0.00265890,0.00000000,0.01883324,0.00035469,0.00021176,0.00006712,-0.02205072,-0.03874741,0,-0.02393576,-0.03001641,0
2023-09-25,1588.32287598,1576.28436631,1580.85339355,0.00471384,-0.00289441,0.00000000,0.01930102,0.00037253,0.00020308,0.00002222,-0.02196007,-0.03877786,0,-0.02344015,-0.02939490,0
2023-09-26,1593.41723633,1584.15488303,1588.32287598,0.00320225,-0.00262760,0.00000000,0.02112764,0.00044638,0.00019223,0.00001025,-0.02218222,-0.04000431,0,-0.02280529,-0.02859876,0
2023-09-27,1597.49121094,1589.16316674,1593.41723633,0.00255349,-0.00267335,0.00000000,0.02090363,0.00043696,0.00018131,0.00000652,-0.02165186,-0.03909833,0,-0.02214816,-0.02777469,0
2023-09-28,1652.88269043,1593.59674288,1597.49121094,0.03408644,-0.00244084,0.00000000,0.01967849,0.00038724,0.00017082,0.00116189,-0.02082088,-0.03750175,0,-0.02149807,-0.02695945,0
2023-09-29,1667.94384766,1652.12405997,1652.88269043,0.00907079,-0.00045908,0.00000000,0.04021736,0.00161744,0.00023029,0.00008228,-0.03482780,-0.06720226,0,-0.02496095,-0.03130204,0
2023-09-30,1671.16186523,1665.84406118,1667.94384766,0.00192747,-0.00125970,0.00000000,0.02684891,0.00072086,0.00022141,0.00000372,-0.02462525,-0.04648296,0,-0.02447494,-0.03069256,0
2023-10-01,1733.81042480,1668.94110167,1671.16186523,0.03680243,-0.00132976,0.00000000,0.02099976,0.00044099,0.00020834,0.00135442,-0.02015776,-0.03755921,0,-0.02374204,-0.02977348,0
2023-10-02,1663.62756348,1737.78695668,1733.81042480,-0.04132105,0.00229090,0.00000000,0.04378851,0.00191743,0.00027711,0.00170743,-0.03365803,-0.06800544,1,-0.02738119,-0.03433712,1
2023-10-03,1656.68566895,1661.65661289,1663.62756348,-0.00418148,-0.00118543,0.00000000,0.04435051,0.00196697,0.00036293,0.00001748,-0.04275658,-0.08042155,0,-0.03133556,-0.03929606,0
2023-10-04,1647.83813477,1653.83154879,1656.68566895,-0.00535481,-0.00172427,0.00000000,0.02529035,0.00063960,0.00034220,0.00002867,-0.02273852,-0.04273409,0,-0.03042763,-0.03815748,0
2023-10-05,1611.47644043,1644.96239140,1647.83813477,-0.02231340,-0.00174669,0.00000000,0.02205142,0.00048627,0.00032339,0.00049789,-0.02307667,-0.04210349,0,-0.02957947,-0.03709385,0
2023-10-06,1645.83154297,1607.98313390,1611.47644043,0.02109495,-0.00217012,0.00000000,0.02894273,0.00083768,0.00033386,0.00044500,-0.02865529,-0.05291811,0,-0.03005448,-0.03768953,0
2023-10-07,1634.51123047,1641.57749642,1645.83154297,-0.00690194,-0.00258809,0.00000000,0.02645306,0.00069976,0.00034053,0.00004764,-0.03127311,-0.05512957,0,-0.03035314,-0.03806406,0
2023-10-08,1633.54858398,1631.26096026,1634.51123047,-0.00058912,-0.00199051,0.00000000,0.02304079,0.00053088,0.00032295,0.00000035,-0.02483689,-0.04494748,0,-0.02955955,-0.03706887,0
2023-10-09,1579.80664062,1630.01843330,1633.54858398,-0.03345223,-0.00216337,0.00000000,0.02304379,0.00053102,0.00030360,0.00111905,-0.02489711,-0.04496454,1,-0.02866003,-0.03594084,1
2023-10-10,1567.71301270,1577.26417799,1579.80664062,-0.00768458,-0.00161065,0.00000000,0.03572400,0.00127620,0.00035253,0.00005905,-0.03352690,-0.06306880,0,-0.03088320,-0.03872878,0
2023-10-11,1566.25476074,1563.52634488,1567.71301270,-0.00093061,-0.00267413,0.00000000,0.03289247,0.00108191,0.00033492,0.00000087,-0.02907385,-0.05448487,0,-0.03010203,-0.03774916,0
2023-10-12,1539.61242676,1561.92412092,1566.25476074,-0.01715655,-0.00276879,0.00000000,0.03283253,0.00107797,0.00031487,0.00029435,-0.02891644,-0.05414653,0,-0.02918741,-0.03660219,0
2023-10-13,1552.08947754,1535.45887595,1539.61242676,0.00807136,-0.00270144,0.00000000,0.03020398,0.00091228,0.00031364,0.00006515,-0.03080603,-0.05635758,0,-0.02913027,-0.03653053,0
2023-10-14,1555.25683594,1547.28262376,1552.08947754,0.00203863,-0.00310183,0.00000000,0.02748822,0.00075560,0.00029873,0.00000416,-0.03085880,-0.05503997,0,-0.02842945,-0.03565168,0
2023-10-15,1558.06982422,1551.09818981,1555.25683594,0.00180706,-0.00267751,0.00000000,0.02951965,0.00087141,0.00028106,0.00000327,-0.02973046,-0.05449713,0,-0.02757561,-0.03458093,0
2023-10-16,1600.53430176,1555.60450692,1558.06982422,0.02688975,-0.00158354,0.00000000,0.02621171,0.00068705,0.00026439,0.00072306,-0.02539136,-0.04727326,0,-0.02674546,-0.03353988,0
2023-10-17,1565.43957520,1593.92735701,1600.53430176,-0.02217085,-0.00413651,0.00000000,0.02849664,0.00081206,0.00029191,0.00049155,-0.03613974,-0.06205027,0,-0.02810296,-0.03524225,0
2023-10-18,1563.74987793,1568.80673394,1565.43957520,-0.00107996,0.00214863,0.00000000,0.02312995,0.00053499,0.00030389,0.00000117,-0.02532709,-0.04648424,0,-0.02867375,-0.03595804,0
2023-10-19,1567.45703125,1561.77155966,1563.74987793,0.00236788,-0.00126591,0.00000000,0.02181784,0.00047602,0.00028573,0.00000561,-0.02581417,-0.04565890,0,-0.02780364,-0.03486688,0
2023-10-20,1604.66687012,1564.98944711,1567.45703125,0.02346160,-0.00157550,0.00000000,0.02242354,0.00050282,0.00026892,0.00055045,-0.02563273,-0.04579323,0,-0.02697350,-0.03382586,0
2023-10-21,1629.30444336,1598.20951341,1604.66687012,0.01523702,-0.00403223,0.00000000,0.02834450,0.00080341,0.00028581,0.00023217,-0.03494754,-0.06054977,0,-0.02780775,-0.03487204,0
2023-10-22,1663.42993164,1626.01330689,1629.30444336,0.02072849,-0.00202201,0.00000000,0.02571029,0.00066102,0.00028259,0.00042967,-0.03004124,-0.05325911,0,-0.02765073,-0.03467513,0
2023-10-23,1765.38269043,1661.30278315,1663.42993164,0.05948579,-0.00127959,0.00000000,0.02627982,0.00069063,0.00029142,0.00353856,-0.03081454,-0.05471268,0,-0.02807915,-0.03521239,0
2023-10-24,1784.43750000,1768.21396006,1765.38269043,0.01073575,0.00160249,0.00000000,0.04702211,0.00221108,0.00048624,0.00011526,-0.05026485,-0.09285669,0,-0.03627059,-0.04548479,0
2023-10-25,1787.39758301,1787.43938252,1784.43750000,0.00165746,0.00168084,0.00000000,0.02850366,0.00081246,0.00046399,0.00000275,-0.02513578,-0.04938969,0,-0.03543067,-0.04443149,0
2023-10-26,1804.03930664,1789.70262668,1787.39758301,0.00926751,0.00128878,0.00000000,0.02822269,0.00079652,0.00043631,0.00008589,-0.02483731,-0.04864668,0,-0.03435780,-0.04308607,0
2023-10-27,1780.04528809,1807.23834588,1804.03930664,-0.01338940,0.00177169,0.00000000,0.02935964,0.00086199,0.00041529,0.00017928,-0.02517229,-0.04982377,0,-0.03351974,-0.04203511,0
2023-10-28,1776.61816406,1779.86062496,1780.04528809,-0.00192716,-0.00010375,0.00000000,0.02409545,0.00058059,0.00040113,0.00000371,-0.02814067,-0.05015753,0,-0.03294330,-0.04131223,0
2023-10-29,1795.54602051,1777.50902181,1776.61816406,0.01059752,0.00050131,0.00000000,0.02935977,0.00086200,0.00037728,0.00011231,-0.02472636,-0.04844152,0,-0.03194915,-0.04006553,0
2023-10-30,1810.08862305,1799.11074171,1795.54602051,0.00806664,0.00198335,0.00000000,0.03667808,0.00134528,0.00036138,0.00006507,-0.02575735,-0.05293302,0,-0.03126875,-0.03921227,0
2023-10-31,1816.45898438,1813.72662681,1810.08862305,0.00351319,0.00200783,0.00000000,0.02408366,0.00058002,0.00034360,0.00001234,-0.02167623,-0.04261881,0,-0.03048990,-0.03823556,0
2023-11-01,1847.08972168,1819.77713321,1816.45898438,0.01672228,0.00182505,0.00000000,0.02434513,0.00059269,0.00032373,0.00027963,-0.02061737,-0.04110884,0,-0.02959492,-0.03711322,0
2023-11-02,1800.62097168,1851.94404558,1847.08972168,-0.02547969,0.00262465,0.00000000,0.03079809,0.00094852,0.00032108,0.00064921,-0.02368775,-0.04847576,1,-0.02947374,-0.03696126,0
2023-11-03,1832.79516602,1802.99350859,1800.62097168,0.01771062,0.00131675,0.00000000,0.02642768,0.00069842,0.00034077,0.00031367,-0.03056093,-0.05473010,0,-0.03036393,-0.03807759,0
2023-11-04,1857.69860840,1836.05923345,1832.79516602,0.01349620,0.00177934,0.00000000,0.02052082,0.00042110,0.00033914,0.00018215,-0.02572077,-0.04390966,0,-0.03029139,-0.03798663,0
2023-11-05,1894.15771484,1861.76435655,1857.69860840,0.01943585,0.00218620,0.00000000,0.01902624,0.00036200,0.00032972,0.00037775,-0.02462876,-0.04078144,0,-0.02986775,-0.03745537,0
2023-11-06,1899.83740234,1899.00412857,1894.15771484,0.00299404,0.00255534,0.00000000,0.01906903,0.00036363,0.00033261,0.00000896,-0.02556733,-0.04070998,0,-0.02999799,-0.03761869,0
2023-11-07,1888.12426758,1904.67294835,1899.83740234,-0.00618442,0.00254201,0.00000000,0.01939627,0.00037622,0.00031319,0.00003825,-0.02551358,-0.04143002,0,-0.02910913,-0.03650403,0
2023-11-08,1889.32238770,1892.51369017,1888.12426758,0.00063435,0.00232205,0.00000000,0.01939511,0.00037617,0.00029669,0.00000040,-0.02572093,-0.04164577,0,-0.02833214,-0.03552964,0
2023-11-09,2120.56103516,1894.27581120,1889.32238770,0.11546245,0.00261837,0.00000000,0.01946330,0.00037882,0.00027891,0.01333158,-0.02541640,-0.04148691,0,-0.02747021,-0.03444876,0
2023-11-10,2078.28979492,2123.90430792,2120.56103516,-0.02013535,0.00157536,0.00000000,0.03339256,0.00111506,0.00106207,0.00040543,-0.03028374,-0.05890180,0,-0.05360490,-0.06722271,0
2023-11-11,2052.71386719,2092.19037741,2078.28979492,-0.01238259,0.00666620,0.00000000,0.02569365,0.00066016,0.00102267,0.00015333,-0.02377783,-0.04727879,0,-0.05260125,-0.06596409,0
2023-11-12,2045.18701172,2063.79513412,2052.71386719,-0.00367352,0.00538383,0.00000000,0.02828107,0.00079982,0.00097051,0.00001349,-0.02610614,-0.05177653,0,-0.05124225,-0.06425985,0
2023-11-13,2055.26538086,2054.25771444,2045.18701172,0.00491575,0.00442534,0.00000000,0.02629589,0.00069147,0.00091309,0.00002416,-0.02547352,-0.04943397,0,-0.04970325,-0.06232988,0
2023-11-14,1979.05261230,2062.95459345,2055.26538086,-0.03778673,0.00373425,0.00000000,0.02801334,0.00078475,0.00085976,0.00142784,-0.02589836,-0.05097295,1,-0.04822977,-0.06048208,0
2023-11-15,2060.40844727,1991.42155807,1979.05261230,0.04028599,0.00623048,0.00000000,0.03112786,0.00096894,0.00089384,0.00162296,-0.02801457,-0.05619199,0,-0.04917650,-0.06166932,0
2023-11-16,1960.88159180,2059.61192300,2060.40844727,-0.04951007,-0.00038666,0.00000000,0.03180431,0.00101151,0.00093759,0.00245125,-0.04124237,-0.07000195,1,-0.05036555,-0.06316043,0
2023-11-17,1961.28076172,1985.24539934,1960.88159180,0.00020355,0.01234837,0.00000000,0.03459406,0.00119675,0.00102841,0.00000004,-0.03345971,-0.06433517,0,-0.05274850,-0.06614875,0
2023-11-18,1963.28503418,1968.03816792,1961.28076172,0.00102140,0.00343948,0.00000000,0.03362066,0.00113035,0.00096671,0.00000104,-0.04047946,-0.07068454,0,-0.05114163,-0.06413367,0
2023-11-19,2013.20446777,1970.23417215,1963.28503418,0.02510861,0.00353330,0.00000000,0.03101190,0.00096174,0.00090877,0.00063044,-0.03722580,-0.06500904,0,-0.04958536,-0.06218204,0
2023-11-20,2022.23913574,2013.89356342,2013.20446777,0.00447767,0.00034223,0.00000000,0.03063335,0.00093840,0.00089207,0.00002005,-0.04128845,-0.06818327,0,-0.04912766,-0.06160807,0
2023-11-21,1937.06677246,2030.28388065,2022.23913574,-0.04303052,0.00397025,0.00000000,0.03037181,0.00092245,0.00083975,0.00185163,-0.03493527,-0.06242506,1,-0.04766519,-0.05977407,0
2023-11-22,2064.42529297,1959.12599907,1937.06677246,0.06367702,0.01132360,0.00000000,0.03205658,0.00102762,0.00090046,0.00405476,-0.03103990,-0.05968063,0,-0.04935819,-0.06189716,0
2023-11-23,2062.21069336,2044.27129064,2064.42529297,-0.00107332,-0.00981049,0.00000000,0.03138897,0.00098527,0.00108972,0.00000115,-0.05569560,-0.08101958,0,-0.05429804,-0.06809194,0
2023-11-24,2081.15209961,2073.97072943,2062.21069336,0.00914307,0.00568644,0.00000000,0.03208291,0.00102931,0.00102440,0.00008360,-0.04016812,-0.06694354,0,-0.05264568,-0.06601981,0
2023-11-25,2084.41308594,2088.36663446,2081.15209961,0.00156569,0.00346061,0.00000000,0.03295299,0.00108590,0.00096795,0.00000245,-0.04314189,-0.07100782,0,-0.05117464,-0.06417507,0
2023-11-26,2063.28613281,2095.23523733,2084.41308594,-0.01018740,0.00517851,0.00000000,0.03102432,0.00096251,0.00091002,0.00010378,-0.03833620,-0.06481437,0,-0.04961967,-0.06222507,0
2023-11-27,2027.41735840,2077.87254350,2063.28613281,-0.01753718,0.00704463,0.00000000,0.03001501,0.00090090,0.00086165,0.00030755,-0.03562931,-0.06084833,0,-0.04828283,-0.06054862,0
2023-11-28,2049.33813477,2043.86378321,2027.41735840,0.01075413,0.00807928,0.00000000,0.02970625,0.00088246,0.00082840,0.00011565,-0.03341512,-0.05887774,0,-0.04734220,-0.05936903,0
2023-11-29,2029.92919922,2052.98763786,2049.33813477,-0.00951596,0.00177924,0.00000000,0.02878171,0.00082839,0.00078564,0.00009055,-0.03826793,-0.06303380,0,-0.04610402,-0.05781631,0
2023-11-30,2052.55615234,2041.34349627,2029.92919922,0.01108500,0.00560725,0.00000000,0.02779596,0.00077262,0.00074393,0.00012288,-0.03349200,-0.05714071,0,-0.04486364,-0.05626081,0
2023-12-01,2087.13989258,2056.48462514,2052.55615234,0.01670874,0.00191211,0.00000000,0.02949577,0.00087000,0.00070667,0.00027918,-0.03614327,-0.06277469,0,-0.04372560,-0.05483367,0
2023-12-02,2165.70410156,2089.47166410,2087.13989258,0.03695087,0.00111659,0.00000000,0.02810923,0.00079013,0.00068102,0.00136537,-0.03557291,-0.06083546,0,-0.04292473,-0.05382935,0
2023-12-03,2193.69165039,2161.22634715,2165.70410156,0.01284028,-0.00206971,0.00000000,0.02761924,0.00076282,0.00072208,0.00016487,-0.03912073,-0.06358556,0,-0.04419982,-0.05542836,0
2023-12-04,2243.21582031,2201.61265489,2193.69165039,0.02232466,0.00360431,0.00000000,0.02683903,0.00072033,0.00068865,0.00049839,-0.03287538,-0.05643632,0,-0.04316447,-0.05412998,0
2023-12-05,2293.84179688,2247.85201065,2243.21582031,0.02231758,0.00206463,0.00000000,0.02669489,0.00071262,0.00067723,0.00049807,-0.03433165,-0.05771128,0,-0.04280521,-0.05367946,0
2023-12-06,2231.66137695,2300.24821588,2293.84179688,-0.02748173,0.00278898,0.00000000,0.02635556,0.00069462,0.00066648,0.00075525,-0.03348069,-0.05638892,0,-0.04246413,-0.05325173,0
2023-12-07,2357.57958984,2257.64665476,2231.66137695,0.05488918,0.01157665,0.00000000,0.02601288,0.00067667,0.00067181,0.00301282,-0.02499205,-0.04713861,0,-0.04263345,-0.05346407,0
2023-12-08,2358.73193359,2346.46771043,2357.57958984,0.00048866,-0.00472440,0.00000000,0.02575031,0.00066308,0.00081227,0.00000024,-0.04251581,-0.06314797,0,-0.04687893,-0.05878807,0
2023-12-09,2341.17529297,2378.85565205,2358.73193359,-0.00747109,0.00849540,0.00000000,0.02559147,0.00065492,0.00076355,0.00005582,-0.02861661,-0.04953411,0,-0.04545123,-0.05699768,0
2023-12-10,2352.46264648,2365.71995153,2341.17529297,0.00480965,0.01042933,0.00000000,0.02618027,0.00068541,0.00072108,0.00002313,-0.02734453,-0.04890788,0,-0.04416930,-0.05539008,0
2023-12-11,2224.57885742,2370.63374051,2352.46264648,-0.05589509,0.00769461,0.00000000,0.02614042,0.00068332,0.00067921,0.00312426,-0.02986111,-0.05152375,1,-0.04286754,-0.05375763,1
2023-12-12,2202.03808594,2274.29575114,2224.57885742,-0.01018429,0.02210282,0.00000000,0.02819270,0.00079483,0.00082591,0.00010372,-0.01655372,-0.04113413,0,-0.04727090,-0.05927962,0
2023-12-13,2260.64868164,2222.52435091,2202.03808594,0.02626847,0.00926031,0.00000000,0.02802908,0.00078563,0.00078258,0.00069003,-0.02936586,-0.05369952,0,-0.04601416,-0.05770361,0
2023-12-14,2316.57910156,2265.07787307,2260.64868164,0.02443977,0.00195734,0.00000000,0.02893850,0.00083744,0.00077703,0.00059730,-0.03882383,-0.06339429,0,-0.04585062,-0.05749853,0
2023-12-15,2219.33740234,2322.65522714,2316.57910156,-0.04288289,0.00261945,0.00000000,0.02935683,0.00086182,0.00076624,0.00183894,-0.03950383,-0.06387477,1,-0.04553136,-0.05709816,0
2023-12-16,2226.92651367,2255.52017112,2219.33740234,0.00341371,0.01617194,0.00000000,0.03007664,0.00090460,0.00083061,0.00001165,-0.02724209,-0.05199927,0,-0.04740505,-0.05944784,0
2023-12-17,2196.48120117,2241.44766621,2226.92651367,-0.01376576,0.00649955,0.00000000,0.03064435,0.00093908,0.00078147,0.00018950,-0.03624348,-0.06254855,0,-0.04598147,-0.05766262,0
2023-12-18,2217.27343750,2217.93472479,2196.48120117,0.00942163,0.00971983,0.00000000,0.03046578,0.00092816,0.00074595,0.00008877,-0.03359744,-0.05919339,0,-0.04492438,-0.05633698,0
2023-12-19,2177.87255859,2227.79880007,2217.27343750,-0.01792975,0.00473575,0.00000000,0.02992559,0.00089554,0.00070652,0.00032148,-0.03779625,-0.06295100,0,-0.04372090,-0.05482778,0
2023-12-20,2201.91137695,2199.31767164,2177.87255859,0.01097728,0.00979865,0.00000000,0.02938078,0.00086323,0.00068342,0.00012050,-0.03221394,-0.05671875,0,-0.04300014,-0.05392391,0
2023-12-21,2239.54248047,2209.54782088,2201.91137695,0.01694580,0.00346210,0.00000000,0.02900414,0.00084124,0.00064964,0.00028716,-0.03759988,-0.06209559,0,-0.04192413,-0.05257455,0
2023-12-22,2326.52490234,2242.24547672,2239.54248047,0.03810410,0.00120621,0.00000000,0.02803466,0.00078594,0.00062789,0.00145192,-0.03946307,-0.06236506,0,-0.04121638,-0.05168701,0
2023-12-23,2309.04638672,2317.50722838,2326.52490234,-0.00754108,-0.00388356,0.00000000,0.02666703,0.00071113,0.00067733,0.00005687,-0.04273140,-0.06437055,0,-0.04280838,-0.05368343,0
2023-12-24,2265.69213867,2326.03913307,2309.04638672,-0.01895433,0.00733226,0.00000000,0.02642949,0.00069852,0.00064011,0.00035927,-0.03105888,-0.05260496,0,-0.04161533,-0.05218730,0
2023-12-25,2272.56176758,2287.27170205,2265.69213867,0.00302743,0.00947942,0.00000000,0.02635907,0.00069480,0.00062326,0.00000917,-0.02993061,-0.05028165,0,-0.04106392,-0.05149582,0
2023-12-26,2231.46533203,2282.43896776,2272.56176758,-0.01824926,0.00433687,0.00000000,0.02625649,0.00068940,0.00058641,0.00033304,-0.03495949,-0.05518540,0,-0.03983163,-0.04995047,0
2023-12-27,2378.73999023,2252.13882790,2231.46533203,0.06391246,0.00922189,0.00000000,0.02626361,0.00068978,0.00057121,0.00408480,-0.03027741,-0.05028020,0,-0.03931193,-0.04929875,0
2023-12-28,2347.56616211,2352.23179396,2378.73999023,-0.01319182,-0.01120635,0.00000000,0.02753727,0.00075830,0.00078202,0.00017402,-0.05360728,-0.07323307,0,-0.04599781,-0.05768312,0
2023-12-29,2300.69067383,2369.35576423,2347.56616211,-0.02016974,0.00923897,0.00000000,0.02753297,0.00075806,0.00074554,0.00040682,-0.03312235,-0.05279545,0,-0.04491215,-0.05632164,0
2023-12-30,2292.06542969,2324.63439431,2300.69067383,-0.00375603,0.01035341,0.00000000,0.02759816,0.00076166,0.00072522,0.00001411,-0.03256584,-0.05154766,0,-0.04429576,-0.05554867,0
2023-12-31,2281.47119141,2304.95516313,2292.06542969,-0.00463285,0.00560788,0.00000000,0.02760326,0.00076194,0.00068255,0.00002146,-0.03740876,-0.05623927,0,-0.04297299,-0.05388986,0
2024-01-01,2352.32788086,2295.25438264,2281.47119141,0.03058493,0.00602319,0.00000000,0.02770344,0.00076748,0.00064289,0.00093544,-0.03705834,-0.05611504,0,-0.04170565,-0.05230057,0
2024-01-02,2355.83642578,2347.09546655,2352.32788086,0.00149041,-0.00222683,0.00000000,0.02761696,0.00076270,0.00066044,0.00000222,-0.04527433,-0.06409751,0,-0.04227117,-0.05300975,0
2024-01-03,2210.76196289,2366.92598815,2355.83642578,-0.06355860,0.00469623,0.00000000,0.02765248,0.00076466,0.00062095,0.00403970,-0.03813511,-0.05744248,1,-0.04098782,-0.05140038,1
2024-01-04,2269.03808594,2253.46779173,2210.76196289,0.02601876,0.01913303,0.00000000,0.02935242,0.00086156,0.00082607,0.00067698,-0.02580111,-0.04710995,0,-0.04727553,-0.05928542,0
2024-01-05,2268.64721680,2262.37298747,2269.03808594,-0.00017228,-0.00294173,0.00000000,0.02937335,0.00086279,0.00081713,0.00000003,-0.04771184,-0.06931292,0,-0.04701885,-0.05896353,0
2024-01-06,2241.62475586,2277.55136896,2268.64721680,-0.01198277,0.00391719,0.00000000,0.02906384,0.00084471,0.00076810,0.00014359,-0.04043312,-0.06173434,0,-0.04558652,-0.05716733,0
2024-01-07,2222.86596680,2256.73211735,2241.62475586,-0.00840360,0.00671686,0.00000000,0.02876272,0.00082729,0.00073063,0.00007062,-0.03741670,-0.05814817,0,-0.04446068,-0.05575548,0
2024-01-08,2333.03271484,2230.78502636,2222.86596680,0.04837168,0.00355621,0.00000000,0.02830602,0.00080123,0.00069103,0.00233982,-0.03987878,-0.06027781,0,-0.04323899,-0.05422344,0
2024-01-09,2344.82714844,2307.46146611,2333.03271484,0.00504267,-0.01102103,0.00000000,0.02565727,0.00065830,0.00078996,0.00002543,-0.05321190,-0.06402668,0,-0.04623054,-0.05797496,0
2024-01-10,2582.10351562,2348.19648283,2344.82714844,0.09639269,0.00143589,0.00000000,0.02551187,0.00065086,0.00074409,0.00929155,-0.04051402,-0.05128210,0,-0.04486820,-0.05626653,0
2024-01-11,2619.61914062,2528.99520091,2582.10351562,0.01442456,-0.02078231,0.00000000,0.02838326,0.00080561,0.00125693,0.00020807,-0.06611923,-0.08319598,0,-0.05831541,-0.07312988,0
2024-01-12,2524.46020508,2624.95658975,2619.61914062,-0.03700168,0.00203542,0.00000000,0.02872366,0.00082505,0.00119400,0.00136912,-0.04379186,-0.06120401,0,-0.05683681,-0.07127565,0
2024-01-13,2576.59790039,2556.41675318,2524.46020508,0.02044263,0.01257931,0.00000000,0.02900810,0.00084147,0.00120451,0.00041790,-0.03423692,-0.05037380,0,-0.05708634,-0.07158858,0
2024-01-14,2472.24121094,2578.40899182,2576.59790039,-0.04134477,0.00070265,0.00000000,0.02881671,0.00083040,0.00115731,0.00170939,-0.04534441,-0.06263782,0,-0.05595676,-0.07017203,0
2024-01-15,2511.36376953,2500.97766262,2472.24121094,0.01570083,0.01155661,0.00000000,0.02927202,0.00085685,0.00119044,0.00024652,-0.03498488,-0.05310793,0,-0.05675191,-0.07116918,0
2024-01-16,2587.69116211,2516.36617969,2511.36376953,0.02994009,0.00198993,0.00000000,0.02858539,0.00081712,0.00113380,0.00089641,-0.04284398,-0.06182235,0,-0.05538546,-0.06945561,0
2024-01-17,2528.36938477,2587.77008976,2587.69116211,-0.02319145,0.00003050,0.00000000,0.02899890,0.00084094,0.00111956,0.00053784,-0.04601007,-0.06411502,0,-0.05503647,-0.06901796,0
2024-01-18,2467.01879883,2551.69972605,2528.36938477,-0.02456413,0.00918511,0.00000000,0.02858083,0.00081686,0.00108466,0.00060340,-0.03658046,-0.05349030,0,-0.05417178,-0.06793360,0
2024-01-19,2489.49853516,2487.65826317,2467.01879883,0.00907084,0.00833135,0.00000000,0.02876089,0.00082719,0.00105578,0.00008228,-0.03776964,-0.05466315,0,-0.05344584,-0.06702324,0
2024-01-20,2469.58911133,2497.62957242,2489.49853516,-0.00802951,0.00326081,0.00000000,0.02876506,0.00082743,0.00099737,0.00006447,-0.04289741,-0.05965887,0,-0.05194639,-0.06514287,0
2024-01-21,2453.91308594,2480.90297997,2469.58911133,-0.00636786,0.00457081,0.00000000,0.02877886,0.00082822,0.00094140,0.00004055,-0.04051326,-0.05972022,0,-0.05046769,-0.06328852,0
2024-01-22,2310.82641602,2464.08907215,2453.91308594,-0.06007871,0.00413827,0.00000000,0.02817306,0.00079372,0.00088735,0.00360945,-0.03970834,-0.05902839,1,-0.04899746,-0.06144479,1
2024-01-23,2240.68603516,2331.44912106,2310.82641602,-0.03082313,0.00888480,0.00000000,0.02996167,0.00089770,0.00105067,0.00095007,-0.03782428,-0.05823361,0,-0.05331639,-0.06686090,0
2024-01-24,2233.56176758,2248.01271120,2240.68603516,-0.00318457,0.00326450,0.00000000,0.03049358,0.00092986,0.00104464,0.00001014,-0.04477473,-0.06460597,0,-0.05316301,-0.06666856,0
2024-01-25,2217.71020508,2237.14040647,2233.56176758,-0.00712229,0.00160093,0.00000000,0.03037380,0.00092257,0.00098257,0.00005073,-0.04627718,-0.06597502,0,-0.05155942,-0.06465759,0
2024-01-26,2267.19970703,2222.25260175,2217.71020508,0.02207024,0.00204614,0.00000000,0.02982814,0.00088972,0.00092666,0.00048710,-0.04494341,-0.06434459,0,-0.05007101,-0.06279107,0
2024-01-27,2267.88598633,2268.17192172,2267.19970703,0.00030265,0.00042873,0.00000000,0.02943961,0.00086669,0.00090028,0.00000009,-0.04601821,-0.06502605,0,-0.04935333,-0.06189107,0
2024-01-28,2257.20874023,2272.34402928,2267.88598633,-0.00471913,0.00196380,0.00000000,0.02922464,0.00085408,0.00084627,0.00002227,-0.04408147,-0.06307722,0,-0.04784998,-0.06000581,0
2024-01-29,2317.06420898,2261.72014123,2257.20874023,0.02617198,0.00199667,0.00000000,0.02924227,0.00085511,0.00079683,0.00068497,-0.04398132,-0.06317688,0,-0.04643123,-0.05822663,0
2024-01-30,2344.49365234,2317.49833803,2317.06420898,0.01176849,0.00018734,0.00000000,0.02922337,0.00085401,0.00079012,0.00013850,-0.04614238,-0.06453645,0,-0.04623528,-0.05798090,0
2024-01-31,2282.54443359,2346.01370542,2344.49365234,-0.02677865,0.00064814,0.00000000,0.02920165,0.00085274,0.00075102,0.00071710,-0.04557882,-0.06410739,0,-0.04507684,-0.05652817,0
2024-02-01,2303.82470703,2289.59100824,2282.54443359,0.00927986,0.00308240,0.00000000,0.02905834,0.00084439,0.00074899,0.00008612,-0.04275487,-0.06153313,0,-0.04501571,-0.05645152,0
2024-02-02,2308.03808594,2302.98819850,2303.82470703,0.00182719,-0.00036316,0.00000000,0.02906357,0.00084469,0.00070921,0.00000334,-0.04608383,-0.06511569,0,-0.04380421,-0.05493224,0
2024-02-03,2296.03833008,2307.94591928,2308.03808594,-0.00521268,-0.00003993,0.00000000,0.02914606,0.00084949,0.00066686,0.00002717,-0.04532568,-0.06544141,0,-0.04247614,-0.05326679,0
2024-02-04,2289.54614258,2298.28812083,2296.03833008,-0.00283157,0.00097938,0.00000000,0.02935694,0.00086183,0.00062848,0.00000802,-0.04404086,-0.06523764,0,-0.04123566,-0.05171118,0
2024-02-05,2298.88891602,2288.88572602,2289.54614258,0.00407232,-0.00028849,0.00000000,0.02705208,0.00073181,0.00059125,0.00001658,-0.03737806,-0.06096557,0,-0.03999573,-0.05015626,0
2024-02-06,2372.20190430,2297.16954898,2298.88891602,0.03139267,-0.00074819,0.00000000,0.02825874,0.00079856,0.00055677,0.00098550,-0.04007917,-0.06438811,0,-0.03881200,-0.04867181,0
2024-02-07,2423.74511719,2367.81852251,2372.20190430,0.02149532,-0.00184952,0.00000000,0.02769247,0.00076687,0.00058250,0.00046205,-0.04289285,-0.06467220,0,-0.03969846,-0.04978347,0
2024-02-08,2419.90649414,2422.47023327,2423.74511719,-0.00158501,-0.00052614,0.00000000,0.02763690,0.00076380,0.00057527,0.00000251,-0.04237040,-0.06306814,0,-0.03945143,-0.04947368,0
2024-02-09,2487.51562500,2423.58250469,2419.90649414,0.02755557,0.00151792,0.00000000,0.02708647,0.00073368,0.00054090,0.00075931,-0.03927885,-0.05983496,0,-0.03825491,-0.04797320,0
2024-02-10,2501.22827148,2488.47111727,2487.51562500,0.00549745,0.00038404,0.00000000,0.02657047,0.00070599,0.00055401,0.00003022,-0.04033853,-0.05955927,0,-0.03871553,-0.04855084,0
2024-02-11,2507.57055664,2505.04776225,2501.22827148,0.00253246,0.00152588,0.00000000,0.02646545,0.00070042,0.00052258,0.00000641,-0.03872967,-0.05830505,0,-0.03760139,-0.04715366,0
2024-02-12,2658.11596680,2510.79928815,2507.57055664,0.05830321,0.00128677,0.00000000,0.02415162,0.00058330,0.00049161,0.00339926,-0.03273751,-0.05325113,0,-0.03647018,-0.04573508,0
2024-02-13,2642.18530273,2659.64129755,2658.11596680,-0.00601125,0.00057367,0.00000000,0.02775336,0.00077025,0.00066607,0.00003614,-0.04026365,-0.06239603,0,-0.04245092,-0.05323517,0
2024-02-14,2777.90234375,2651.14376316,2642.18530273,0.05008975,0.00338481,0.00000000,0.03046566,0.00092816,0.00062827,0.00250898,-0.03963397,-0.06544255,0,-0.04122890,-0.05170270,0
2024-02-15,2824.37890625,2780.70587692,2777.90234375,0.01659239,0.00100872,0.00000000,0.02879619,0.00082922,0.00074112,0.00027531,-0.04176792,-0.06431055,0,-0.04477859,-0.05615416,0
2024-02-16,2803.69140625,2834.36309213,2824.37890625,-0.00735158,0.00352877,0.00000000,0.02999256,0.00089955,0.00071317,0.00005405,-0.04099299,-0.06450692,0,-0.04392615,-0.05508516,0
2024-02-17,2786.67260742,2817.20145343,2803.69140625,-0.00608864,0.00480709,0.00000000,0.02881593,0.00083036,0.00067362,0.00003707,-0.03834246,-0.06051358,0,-0.04269086,-0.05353606,0
2024-02-18,2878.99804688,2798.98949627,2786.67260742,0.03259406,0.00441019,0.00000000,0.02840167,0.00080665,0.00063543,0.00106237,-0.03726423,-0.06002869,0,-0.04146296,-0.05199622,0
2024-02-19,2943.57470703,2887.26222971,2878.99804688,0.02218240,0.00286639,0.00000000,0.02730426,0.00074552,0.00066104,0.00049206,-0.03841373,-0.05894017,0,-0.04229047,-0.05303396,0
2024-02-20,3013.50366211,2952.88686131,2943.57470703,0.02347868,0.00315856,0.00000000,0.02744412,0.00075318,0.00065091,0.00055125,-0.03861897,-0.05887284,0,-0.04196489,-0.05262567,0
2024-02-21,2970.35546875,3025.33474036,3013.50366211,-0.01442178,0.00391833,0.00000000,0.02701434,0.00072977,0.00064493,0.00020799,-0.03706099,-0.05719094,0,-0.04177170,-0.05238339,0
2024-02-22,2971.00732422,2986.53681136,2970.35546875,0.00021943,0.00543283,0.00000000,0.02647919,0.00070115,0.00061871,0.00000005,-0.03508266,-0.05433471,0,-0.04091388,-0.05130765,0
2024-02-23,2921.65820312,2985.10160712,2971.00732422,-0.01674973,0.00473272,0.00000000,0.02593043,0.00067239,0.00058159,0.00028055,-0.03420419,-0.05402721,0,-0.03966757,-0.04974474,0
2024-02-24,2992.38598633,2937.68438357,2921.65820312,0.02391973,0.00547031,0.00000000,0.02428763,0.00058989,0.00056353,0.00057215,-0.03182539,-0.04928867,0,-0.03904675,-0.04896620,0
2024-02-25,3112.69726562,3002.79409825,2992.38598633,0.03941858,0.00347216,0.00000000,0.02447382,0.00059897,0.00056405,0.00155382,-0.03397772,-0.05176772,0,-0.03906467,-0.04898867,0
2024-02-26,3178.99365234,3129.63778230,3112.69726562,0.02107505,0.00542764,0.00000000,0.02492498,0.00062125,0.00062343,0.00044416,-0.03327278,-0.05052048,0,-0.04106972,-0.05150309,0
2024-02-27,3244.51928711,3197.53278727,3178.99365234,0.02040251,0.00581482,0.00000000,0.02540644,0.00064549,0.00061268,0.00041626,-0.03374902,-0.05113197,0,-0.04071388,-0.05105685,0
2024-02-28,3385.70385742,3264.68739792,3244.51928711,0.04259462,0.00619682,0.00000000,0.02465596,0.00060792,0.00060089,0.00181430,-0.03203742,-0.04917979,0,-0.04032041,-0.05056343,0
2024-02-29,3341.91967773,3412.26654288,3385.70385742,-0.01301642,0.00781493,0.00000000,0.02389787,0.00057111,0.00067370,0.00016943,-0.02985542,-0.04535306,0,-0.04269323,-0.05353903,0
2024-03-01,3435.05395508,3360.55406114,3341.91967773,0.02748724,0.00556046,0.00000000,0.02500617,0.00062531,0.00064344,0.00075555,-0.03417181,-0.04971452,0,-0.04172353,-0.05232299,0
2024-03-02,3422.04980469,3458.05405007,3435.05395508,-0.00379290,0.00667338,0.00000000,0.02431349,0.00059115,0.00065017,0.00001439,-0.03207482,-0.04691641,0,-0.04194105,-0.05259577,0
2024-03-03,3490.99365234,3447.47449410,3422.04980469,0.01994668,0.00740220,0.00000000,0.02331308,0.00054350,0.00061202,0.00039787,-0.02996117,-0.04366870,0,-0.04069206,-0.05102949,0
2024-03-04,3630.43383789,3517.92149783,3490.99365234,0.03916575,0.00768392,0.00000000,0.02275418,0.00051775,0.00059917,0.00153396,-0.02870741,-0.04228291,0,-0.04026265,-0.05049098,0
2024-03-05,3554.96459961,3664.67207471,3630.43383789,-0.02100705,0.00938670,0.00000000,0.02234000,0.00049908,0.00065526,0.00044130,-0.02657096,-0.03928465,0,-0.04210495,-0.05280131,0
2024-03-06,3819.22631836,3581.12014042,3554.96459961,0.07170276,0.00733053,0.00000000,0.02328022,0.00054197,0.00064242,0.00514129,-0.03038294,-0.04288153,0,-0.04169045,-0.05228151,0
2024-03-07,3874.34765625,3845.32779115,3819.22631836,0.01432943,0.00681098,0.00000000,0.02515247,0.00063265,0.00091235,0.00020533,-0.03378182,-0.04777638,0,-0.04968306,-0.06230456,0
2024-03-08,3892.06103516,3907.57771406,3874.34765625,0.00456154,0.00854037,0.00000000,0.02931580,0.00085942,0.00086993,0.00002081,-0.03874393,-0.05513828,0,-0.04851427,-0.06083885,0
2024-03-09,3915.41894531,3925.76617638,3892.06103516,0.00598349,0.00862269,0.00000000,0.02699082,0.00072850,0.00081898,0.00003580,-0.03437436,-0.05089290,0,-0.04707222,-0.05903047,0
2024-03-10,3881.19311523,3943.15471557,3915.41894531,-0.00877972,0.00705876,0.00000000,0.02600139,0.00067607,0.00077199,0.00007708,-0.03422772,-0.05045014,0,-0.04570184,-0.05731195,0
2024-03-11,4066.44506836,3908.35769591,3881.19311523,0.04662656,0.00697465,0.00000000,0.02418697,0.00058501,0.00073030,0.00217404,-0.03237313,-0.04476598,0,-0.04445056,-0.05574279,0
2024-03-12,3980.27319336,4094.92714287,4066.44506836,-0.02141871,0.00697976,0.00000000,0.02467512,0.00060886,0.00081692,0.00045876,-0.03337476,-0.04510598,0,-0.04701295,-0.05895614,0
2024-03-13,4006.45703125,4015.00963413,3980.27319336,0.00655686,0.00868929,0.00000000,0.02425924,0.00058851,0.00079543,0.00004299,-0.03095864,-0.04261821,0,-0.04639048,-0.05817553,0
2024-03-14,3883.14038086,4039.45896058,4006.45703125,-0.03126311,0.00820344,0.00000000,0.02403394,0.00057763,0.00075029,0.00097738,-0.03104233,-0.04274906,1,-0.04505476,-0.05650048,0
2024-03-15,3735.22021484,3914.02439759,3883.14038086,-0.03883743,0.00792190,0.00000000,0.02401195,0.00057657,0.00076391,0.00150835,-0.03130943,-0.04290792,1,-0.04546203,-0.05701122,0
2024-03-16,3522.86010742,3752.67040988,3735.22021484,-0.05853359,0.00466092,0.00000000,0.02460013,0.00060517,0.00080858,0.00342618,-0.03562558,-0.04704490,1,-0.04677224,-0.05865427,1
2024-03-17,3642.41308594,3512.25514794,3522.86010742,0.03337321,-0.00301487,0.00000000,0.02680138,0.00071831,0.00096563,0.00111377,-0.04675985,-0.05990254,0,-0.05111325,-0.06409808,0
2024-03-18,3517.98510742,3672.07225748,3642.41308594,-0.03475798,0.00810975,0.00000000,0.02646014,0.00070014,0.00097452,0.00120812,-0.03512863,-0.04787663,0,-0.05134795,-0.06439240,0
2024-03-19,3157.61816406,3534.56523704,3517.98510742,-0.10807042,0.00470189,0.00000000,0.02882220,0.00083072,0.00098854,0.01167921,-0.04238957,-0.05630680,1,-0.05171588,-0.06485380,1
2024-03-20,3513.39306641,3119.87227440,3157.61816406,0.10676426,-0.01202593,0.00000000,0.04318432,0.00186489,0.00162998,0.01139861,-0.08189696,-0.10536758,0,-0.06640766,-0.08327789,0
2024-03-21,3492.99121094,3494.93164312,3513.39306641,-0.00582381,-0.00526844,0.00000000,0.07622527,0.00581029,0.00221610,0.00003392,-0.12854150,-0.17015465,0,-0.07743219,-0.09710309,0
2024-03-22,3333.68798828,3522.76575409,3492.99121094,-0.04667925,0.00848796,0.00000000,0.06283446,0.00394817,0.00208517,0.00217895,-0.09313164,-0.12742667,0,-0.07510996,-0.09419092,0
2024-03-23,3336.59399414,3386.08992928,3333.68798828,0.00087133,0.01559665,0.00000000,0.06107843,0.00373057,0.00209079,0.00000076,-0.08387731,-0.11473970,0,-0.07521124,-0.09431793,0
2024-03-24,3454.63647461,3362.56209618,3336.59399414,0.03476671,0.00775269,0.00000000,0.05577950,0.00311135,0.00196539,0.00120872,-0.08270470,-0.11232487,0,-0.07292085,-0.09144568,0
2024-03-25,3590.88378906,3464.43542318,3454.63647461,0.03868112,0.00283245,0.00000000,0.05195365,0.00269918,0.00191999,0.00149623,-0.08136878,-0.10913504,0,-0.07207370,-0.09038333,0
2024-03-26,3587.50488281,3602.27898496,3590.88378906,-0.00094141,0.00316834,0.00000000,0.05040265,0.00254043,0.00189456,0.00000089,-0.07858205,-0.10530317,0,-0.07159489,-0.08978288,0
2024-03-27,3500.11523438,3620.21390287,3587.50488281,-0.02466105,0.00907617,0.00000000,0.03798715,0.00144302,0.00178094,0.00060817,-0.05245199,-0.07288059,0,-0.06941485,-0.08704903,0
2024-03-28,3561.29394531,3542.98677943,3500.11523438,0.01732805,0.01217420,0.00000000,0.03756374,0.00141103,0.00171058,0.00030026,-0.04876178,-0.06864286,0,-0.06802971,-0.08531201,0
2024-03-29,3511.80615234,3582.17389577,3561.29394531,-0.01399347,0.00584590,0.00000000,0.03409570,0.00116252,0.00162596,0.00019582,-0.04929520,-0.06790615,0,-0.06632572,-0.08317513,0
2024-03-30,3507.94433594,3547.30810888,3511.80615234,-0.00110027,0.01005856,0.00000000,0.03272261,0.00107077,0.00154015,0.00000121,-0.04268052,-0.06109960,0,-0.06455186,-0.08095064,0
2024-03-31,3647.85644531,3537.65121102,3507.94433594,0.03910951,0.00843280,0.00000000,0.02893336,0.00083714,0.00144781,0.00152955,-0.03827458,-0.05433395,0,-0.06258692,-0.07848653,0
2024-04-01,3505.03002930,3658.83794331,3647.85644531,-0.03994063,0.00300588,0.00000000,0.03239779,0.00104962,0.00145272,0.00159525,-0.04934862,-0.06716190,0,-0.06269284,-0.07861935,0
2024-04-02,3277.23461914,3558.97061174,3505.03002930,-0.06719913,0.01527226,0.00000000,0.03616265,0.00130774,0.00146127,0.00451572,-0.04330811,-0.06273089,1,-0.06287711,-0.07885043,1
2024-04-03,3311.44189453,3324.85025486,3277.23461914,0.01038375,0.01442467,0.00000000,0.05577740,0.00311112,0.00164454,0.00010782,-0.07641259,-0.10460958,0,-0.06670358,-0.08364898,0
2024-04-04,3330.04052734,3330.61596865,3311.44189453,0.00560076,0.00577355,0.00000000,0.03721230,0.00138476,0.00155233,0.00003137,-0.05464161,-0.07416227,0,-0.06480670,-0.08127022,0
2024-04-05,3318.88525391,3351.26247182,3330.04052734,-0.00335551,0.00635266,0.00000000,0.03108598,0.00096634,0.00146108,0.00001126,-0.04402725,-0.06064468,0,-0.06287294,-0.07884520,0
2024-04-06,3354.18383789,3341.36772456,3318.88525391,0.01057951,0.00675126,0.00000000,0.02809622,0.00078940,0.00137409,0.00011193,-0.03877466,-0.05382301,0,-0.06097256,-0.07646206,0
2024-04-07,3453.49462891,3370.77311127,3354.18383789,0.02917818,0.00493365,0.00000000,0.02710141,0.00073449,0.00129836,0.00085137,-0.03878023,-0.05393248,0,-0.05926857,-0.07432518,0
2024-04-08,3695.29272461,3464.98258987,3453.49462891,0.06767312,0.00332095,0.00000000,0.02966273,0.00087988,0.00127154,0.00457965,-0.04468212,-0.06077251,0,-0.05865324,-0.07355353,0
2024-04-09,3505.16333008,3699.40227309,3695.29272461,-0.05282265,0.00111149,0.00000000,0.04789542,0.00229397,0.00147003,0.00279023,-0.07695001,-0.10091681,0,-0.06306518,-0.07908628,0
2024-04-10,3543.73706055,3553.90185099,3505.16333008,0.01094472,0.01380899,0.00000000,0.04344330,0.00188732,0.00154924,0.00011979,-0.05670455,-0.07955742,0,-0.06474202,-0.08118911,0
2024-04-11,3505.24780273,3562.08052241,3543.73706055,-0.01092062,0.00516295,0.00000000,0.03261459,0.00106371,0.00146347,0.00011926,-0.04769085,-0.06513722,0,-0.06292442,-0.07890977,0
2024-04-12,3243.03491211,3529.56348437,3505.24780273,-0.07775163,0.00691299,0.00000000,0.02981783,0.00088910,0.00138282,0.00604532,-0.04158954,-0.05688916,1,-0.06116595,-0.07670457,1
2024-04-13,3004.90039062,3284.50525793,3243.03491211,-0.07626517,0.01270644,0.00000000,0.05350410,0.00286269,0.00166257,0.00581638,-0.07350355,-0.10368684,1,-0.06706824,-0.08410628,1
2024-04-14,3156.94189453,3013.03353968,3004.90039062,0.04935938,0.00270297,0.00000000,0.06277285,0.00394043,0.00191180,0.00243635,-0.09999040,-0.12967475,0,-0.07191973,-0.09019025,0
2024-04-15,3101.60034180,3152.41095615,3156.94189453,-0.01768559,-0.00143626,0.00000000,0.04397286,0.00193361,0.00194327,0.00031278,-0.07293168,-0.09561583,0,-0.07250931,-0.09092960,0
2024-04-16,3084.92016602,3111.57904427,3101.60034180,-0.00539244,0.00321211,0.00000000,0.03425700,0.00117354,0.00184544,0.00002908,-0.05238314,-0.07043149,0,-0.07066059,-0.08861122,0
2024-04-17,2984.72753906,3091.90077142,3084.92016602,-0.03301731,0.00226026,0.00000000,0.03184525,0.00101412,0.00173646,0.00109014,-0.04939158,-0.06627253,0,-0.06854242,-0.08595496,0
2024-04-18,3066.02758789,2993.83081141,2984.72753906,0.02687431,0.00304531,0.00000000,0.03718503,0.00138273,0.00169768,0.00072223,-0.05757265,-0.07612782,0,-0.06777275,-0.08498976,0
2024-04-19,3059.27856445,3061.06746332,3066.02758789,-0.00220365,-0.00161908,0.00000000,0.03461341,0.00119809,0.00163915,0.00000486,-0.05786929,-0.07582854,0,-0.06659428,-0.08351191,0
